elapsed_ms,inserted,deleted,residentObs,tripleCount,insertMsCum,insertMsAvgPerObs,throughput_per_s,heapUsedMB,tdbDiskBytes,useTDB
6,0,0,0,0,0.0,0.0,0.0,157,0,false
1004,26000,0,26000,327114,1007.9,0.0388,25896.4,186,0,false
2062,52000,0,52000,639114,2070.3,0.0398,25218.2,517,0,false
3098,78000,0,78000,951114,3103.6,0.0398,25177.5,465,0,false
4149,100000,0,100000,1215114,4142.4,0.0414,24102.2,504,0,false
5155,112000,12000,100000,1215114,5156.5,0.046,21726.5,664,0,false
6222,124000,24000,100000,1215114,6228.4,0.0502,19929.3,783,0,false
7332,136000,36000,100000,1215114,7329.6,0.0539,18548.8,1196,0,false
8447,148000,48000,100000,1215114,8446.2,0.0571,17521.0,683,0,false
9525,160000,60000,100000,1215114,9527.6,0.0595,16797.9,1099,0,false
10645,172000,72000,100000,1215114,10642.2,0.0619,16157.8,1507,0,false
11750,184000,84000,100000,1215114,11743.0,0.0638,15659.6,977,0,false
12802,196000,96000,100000,1215114,12795.3,0.0653,15310.1,1385,0,false
13927,208000,108000,100000,1215114,13920.6,0.0669,14935.0,894,0,false
14998,220000,120000,100000,1215114,14989.9,0.0681,14668.6,1301,0,false
16160,232000,132000,100000,1215114,16157.7,0.0696,14356.4,1717,0,false
17336,244000,144000,100000,1215114,17327.5,0.071,14074.8,1260,0,false
18494,256000,156000,100000,1215114,18486.3,0.0722,13842.3,1667,0,false
19682,268000,168000,100000,1215114,19678.3,0.0734,13616.5,1229,0,false
20809,280000,180000,100000,1215114,20800.8,0.0743,13455.7,1644,0,false
21958,292000,192000,100000,1215114,21950.1,0.0752,13298.1,2052,0,false
23113,304000,204000,100000,1215114,23111.1,0.076,13152.8,1340,0,false
24185,316000,216000,100000,1215114,24176.2,0.0765,13065.9,1748,0,false
25302,328000,228000,100000,1215114,25296.1,0.0771,12963.4,2156,0,false
26389,340000,240000,100000,1215114,26380.5,0.0776,12884.2,1545,0,false
27444,352000,252000,100000,1215114,27434.8,0.0779,12826.1,1953,0,false
28600,364000,264000,100000,1215114,28590.7,0.0785,12727.3,1407,0,false
29663,376000,276000,100000,1215114,29654.0,0.0789,12675.7,1815,0,false
30825,388000,288000,100000,1215114,30815.7,0.0794,12587.2,2223,0,false
31959,400000,300000,100000,1215114,31960.8,0.0799,12516.0,1738,0,false
33098,412000,312000,100000,1215114,33089.6,0.0803,12447.9,2146,0,false
34270,424000,324000,100000,1215114,34272.1,0.0808,12372.3,1754,0,false
35438,436000,336000,100000,1215114,35430.9,0.0813,12303.2,2162,0,false
36451,446000,346000,100000,1215114,36441.4,0.0817,12235.6,1747,0,false
37613,458000,358000,100000,1215114,37605.3,0.0821,12176.6,2155,0,false
38791,470000,370000,100000,1215114,38781.0,0.0825,12116.2,2563,0,false
39896,482000,382000,100000,1215114,39888.9,0.0828,12081.4,1897,0,false
40914,494000,394000,100000,1215114,40907.1,0.0828,12074.1,2305,0,false
41990,506000,406000,100000,1215114,41986.2,0.083,12050.5,2713,0,false
43151,518000,418000,100000,1215114,43145.4,0.0833,12004.4,2131,0,false
44301,530000,430000,100000,1215114,44294.8,0.0836,11963.6,2539,0,false
45340,540000,440000,100000,1215114,45329.8,0.0839,11910.0,1969,0,false
46426,552000,452000,100000,1215114,46416.6,0.0841,11889.9,2377,0,false
47605,564000,464000,100000,1215114,47593.9,0.0844,11847.5,2785,0,false
48744,576000,476000,100000,1215114,48737.5,0.0846,11816.8,2359,0,false
49855,588000,488000,100000,1215114,49844.2,0.0848,11794.2,2767,0,false
51006,600000,500000,100000,1215114,50996.6,0.085,11763.3,2412,0,false
52162,612000,512000,100000,1215114,52159.6,0.0852,11732.7,2820,0,false
53291,624000,524000,100000,1215114,53282.4,0.0854,11709.3,2540,0,false
54442,636000,536000,100000,1215114,54434.3,0.0856,11682.2,2300,0,false
55540,648000,548000,100000,1215114,55529.7,0.0857,11667.3,2708,0,false
56661,660000,560000,100000,1215114,56658.3,0.0858,11648.2,2526,0,false
57823,672000,572000,100000,1215114,57819.7,0.086,11621.7,2405,0,false
58981,684000,584000,100000,1215114,58975.0,0.0862,11597.0,2813,0,false
60149,696000,596000,100000,1215114,60138.6,0.0864,11571.3,2732,0,false
61309,708000,608000,100000,1215114,61297.7,0.0866,11548.1,2695,0,false
62475,720000,620000,100000,1215114,62464.2,0.0868,11524.6,2699,0,false
63621,732000,632000,100000,1215114,63616.3,0.0869,11505.6,2727,0,false
64770,744000,644000,100000,1215114,64772.9,0.0871,11486.8,2798,0,false
65870,756000,656000,100000,1215114,65864.9,0.0871,11477.2,2889,0,false
67020,768000,668000,100000,1215114,67009.5,0.0873,11459.3,2747,0,false
68075,780000,680000,100000,1215114,68063.7,0.0873,11458.0,2912,0,false
69189,792000,692000,100000,1215114,69176.7,0.0873,11446.9,2889,0,false
70209,804000,704000,100000,1215114,70201.1,0.0873,11451.5,2935,0,false
71242,816000,716000,100000,1215114,71241.6,0.0873,11453.9,2924,0,false
72307,828000,728000,100000,1215114,72303.7,0.0873,11451.2,3217,0,false
73463,840000,740000,100000,1215114,73451.0,0.0874,11434.3,3049,0,false
74585,852000,752000,100000,1215114,74572.6,0.0875,11423.2,3457,0,false
75723,864000,764000,100000,1215114,75709.5,0.0876,11410.0,3330,0,false
76810,876000,776000,100000,1215114,76797.9,0.0877,11404.8,3249,0,false
77928,888000,788000,100000,1215114,77927.3,0.0878,11395.1,3211,0,false
78996,900000,800000,100000,1215114,78987.3,0.0878,11393.0,3218,0,false
80126,912000,812000,100000,1215114,80118.8,0.0878,11382.1,3237,0,false
81225,924000,824000,100000,1215114,81219.2,0.0879,11375.8,3302,0,false
82350,936000,836000,100000,1215114,82337.7,0.088,11366.1,3393,0,false
83467,948000,848000,100000,1215114,83456.5,0.088,11357.8,3512,0,false
84537,960000,860000,100000,1215114,84530.8,0.0881,11356.0,3413,0,false
85606,972000,872000,100000,1215114,85606.7,0.0881,11354.3,3593,0,false
86616,984000,884000,100000,1215114,86605.5,0.088,11360.5,3612,0,false
87674,996000,896000,100000,1215114,87660.6,0.088,11360.3,3544,0,false
88708,1008000,908000,100000,1215114,88705.4,0.088,11363.1,3650,0,false
89796,1020000,920000,100000,1215114,89782.3,0.088,11359.1,3626,0,false
90891,1032000,932000,100000,1215114,90891.6,0.0881,11354.3,3888,0,false
92105,1044000,944000,100000,1215114,92092.4,0.0882,11334.9,3674,0,false
93141,1056000,956000,100000,1215114,93139.1,0.0882,11337.6,4082,0,false
94340,1068000,968000,100000,1215114,94332.7,0.0883,11320.8,3915,0,false
95476,1080000,980000,100000,1215114,95475.4,0.0884,11311.7,3805,0,false
96597,1092000,992000,100000,1215114,96582.7,0.0884,11304.7,4213,0,false
97747,1104000,1004000,100000,1215114,97732.6,0.0885,11294.5,4147,0,false
98750,1114000,1014000,100000,1215114,98740.0,0.0886,11281.0,4045,0,false
99801,1126000,1026000,100000,1215114,99794.7,0.0886,11282.5,4051,0,false
100922,1138000,1038000,100000,1215114,100911.3,0.0887,11276.0,4086,0,false
101988,1150000,1050000,100000,1215114,101982.2,0.0887,11275.8,4161,0,false
103123,1162000,1062000,100000,1215114,103107.7,0.0887,11268.1,4254,0,false
104225,1174000,1074000,100000,1215114,104210.6,0.0888,11264.1,4128,0,false
105321,1186000,1086000,100000,1215114,105309.2,0.0888,11260.8,4294,0,false
106406,1198000,1098000,100000,1215114,106403.0,0.0888,11258.8,4300,0,false
107443,1210000,1110000,100000,1215114,107439.5,0.0888,11261.8,4334,0,false
108575,1222000,1122000,100000,1215114,108564.8,0.0888,11254.9,4367,0,false
109692,1234000,1134000,100000,1215114,109684.0,0.0889,11249.7,4402,0,false
110794,1246000,1146000,100000,1215114,110787.4,0.0889,11246.1,4437,0,false
111901,1258000,1158000,100000,1215114,111900.6,0.089,11242.1,4471,0,false
112901,1268000,1168000,100000,1215114,112900.0,0.089,11231.1,4436,0,false
114016,1280000,1180000,100000,1215114,114008.2,0.0891,11226.5,4658,0,false
115198,1292000,1192000,100000,1215114,115186.9,0.0892,11215.5,2023,0,false
116410,1304000,1204000,100000,1215114,116394.8,0.0893,11201.8,1065,0,false
117575,1316000,1216000,100000,1215114,117571.7,0.0893,11192.9,1142,0,false
118752,1328000,1228000,100000,1215114,118746.3,0.0894,11183.0,1550,0,false
119757,1338000,1238000,100000,1215114,119750.4,0.0895,11172.6,1890,0,false
120844,1348000,1248000,100000,1215114,120835.4,0.0896,11154.9,2230,0,false
122038,1360000,1260000,100000,1215114,122030.4,0.0897,11144.1,2638,0,false
123201,1370000,1270000,100000,1215114,123195.1,0.0899,11120.0,2978,0,false
124428,1380000,1280000,100000,1215114,124413.3,0.0902,11090.8,3318,0,false
125634,1390000,1290000,100000,1215114,125621.2,0.0904,11063.9,3662,0,false
126685,1400000,1300000,100000,1215114,126683.0,0.0905,11051.0,1343,0,false
127735,1410000,1310000,100000,1215114,127718.8,0.0906,11038.5,1687,0,false
128773,1420000,1320000,100000,1215114,128755.2,0.0907,11027.2,2023,0,false
129879,1430000,1330000,100000,1215114,129862.0,0.0908,11010.2,2367,0,false
130895,1438000,1338000,100000,1215114,130887.5,0.091,10985.9,2639,0,false
132053,1448000,1348000,100000,1215114,132049.3,0.0912,10965.3,2975,0,false
133214,1458000,1358000,100000,1215114,133206.8,0.0914,10944.8,3319,0,false
134328,1468000,1368000,100000,1215114,134322.1,0.0915,10928.5,1103,0,false
135367,1480000,1380000,100000,1215114,135349.6,0.0915,10933.2,1511,0,false
136428,1492000,1392000,100000,1215114,136414.2,0.0914,10936.2,1919,0,false
137482,1504000,1404000,100000,1215114,137475.6,0.0914,10939.6,2327,0,false
138649,1516000,1416000,100000,1215114,138636.9,0.0914,10934.1,2735,0,false
139700,1526000,1426000,100000,1215114,139682.5,0.0915,10923.4,3079,0,false
140738,1536000,1436000,100000,1215114,140726.9,0.0916,10913.9,3415,0,false
141889,1546000,1446000,100000,1215114,141873.9,0.0918,10895.8,1224,0,false
142943,1558000,1458000,100000,1215114,142933.0,0.0917,10899.4,1632,0,false
144078,1570000,1470000,100000,1215114,144066.2,0.0918,10896.9,2040,0,false
145210,1582000,1482000,100000,1215114,145195.6,0.0918,10894.6,2448,0,false
146407,1594000,1494000,100000,1215114,146390.6,0.0918,10887.5,2856,0,false
147444,1604000,1504000,100000,1215114,147427.6,0.0919,10878.7,3192,0,false
148512,1614000,1514000,100000,1215114,148508.0,0.092,10867.8,3536,0,false
149580,1624000,1524000,100000,1215114,149567.9,0.0921,10857.1,1345,0,false
150615,1636000,1536000,100000,1215114,150604.1,0.0921,10862.1,1753,0,false
151634,1648000,1548000,100000,1215114,151624.7,0.092,10868.3,2161,0,false
152734,1660000,1560000,100000,1215114,152726.4,0.092,10868.6,2569,0,false
153893,1672000,1572000,100000,1215114,153874.9,0.092,10864.7,2977,0,false
154951,1682000,1582000,100000,1215114,154932.2,0.0921,10855.0,3313,0,false
156021,1692000,1592000,100000,1215114,156001.9,0.0922,10844.7,3657,0,false
157028,1702000,1602000,100000,1215114,157014.6,0.0923,10838.8,1467,0,false
158062,1714000,1614000,100000,1215114,158053.8,0.0922,10843.8,1875,0,false
159162,1726000,1626000,100000,1215114,159151.2,0.0922,10844.3,2283,0,false
160343,1738000,1638000,100000,1215114,160331.7,0.0923,10839.3,2691,0,false
161363,1748000,1648000,100000,1215114,161351.0,0.0923,10832.7,3035,0,false
162431,1758000,1658000,100000,1215114,162419.0,0.0924,10823.1,3371,0,false
163547,1768000,1668000,100000,1215114,163535.4,0.0925,10810.3,3715,0,false
164631,1778000,1678000,100000,1215114,164616.5,0.0926,10799.9,1536,0,false
165690,1790000,1690000,100000,1215114,165673.6,0.0926,10803.3,1944,0,false
166783,1802000,1702000,100000,1215114,166775.3,0.0926,10804.5,2352,0,false
167919,1814000,1714000,100000,1215114,167900.9,0.0926,10802.8,2760,0,false
168940,1824000,1724000,100000,1215114,168928.1,0.0926,10796.7,3104,0,false
169982,1834000,1734000,100000,1215114,169963.3,0.0927,10789.4,3440,0,false
171061,1844000,1744000,100000,1215114,171040.8,0.0928,10779.8,3784,0,false
172120,1854000,1754000,100000,1215114,172106.6,0.0928,10771.6,1681,0,false
173191,1866000,1766000,100000,1215114,173171.1,0.0928,10774.2,2089,0,false
174355,1878000,1778000,100000,1215114,174344.6,0.0928,10771.1,2497,0,false
175537,1890000,1790000,100000,1215114,175529.1,0.0929,10767.0,2905,0,false
176590,1900000,1800000,100000,1215114,176572.2,0.0929,10759.4,3241,0,false
177675,1910000,1810000,100000,1215114,177661.5,0.093,10750.0,3585,0,false
178800,1920000,1820000,100000,1215114,178782.6,0.0931,10738.3,3921,0,false
179984,1932000,1832000,100000,1215114,179971.6,0.0932,10734.3,1945,0,false
181163,1944000,1844000,100000,1215114,181154.6,0.0932,10730.7,2353,0,false
182327,1956000,1856000,100000,1215114,182309.9,0.0932,10728.0,2761,0,false
183524,1968000,1868000,100000,1215114,183515.2,0.0932,10723.4,3169,0,false
184546,1978000,1878000,100000,1215114,184535.8,0.0933,10718.2,3513,0,false
185614,1988000,1888000,100000,1215114,185606.7,0.0934,10710.4,3849,0,false
186715,2000000,1900000,100000,1215114,186695.9,0.0933,10711.5,1953,0,false
187718,2012000,1912000,100000,1215114,187705.7,0.0933,10718.2,2361,0,false
188802,2024000,1924000,100000,1215114,188780.7,0.0933,10720.2,2769,0,false
189864,2034000,1934000,100000,1215114,189842.7,0.0933,10712.9,3113,0,false
190897,2044000,1944000,100000,1215114,190875.9,0.0934,10707.3,3449,0,false
192000,2054000,1954000,100000,1215114,191985.8,0.0935,10697.9,3793,0,false
193067,2064000,1964000,100000,1215114,193059.4,0.0935,10690.6,1912,0,false
194159,2076000,1976000,100000,1215114,194138.0,0.0935,10692.3,2320,0,false
195321,2088000,1988000,100000,1215114,195307.8,0.0935,10690.1,2736,0,false
196501,2100000,2000000,100000,1215114,196491.8,0.0936,10687.0,3144,0,false
197521,2110000,2010000,100000,1215114,197506.7,0.0936,10682.4,3480,0,false
198590,2120000,2020000,100000,1215114,198573.6,0.0937,10675.3,3824,0,false
199641,2130000,2030000,100000,1215114,199621.5,0.0937,10669.2,2032,0,false
200693,2142000,2042000,100000,1215114,200671.0,0.0937,10673.0,2440,0,false
201824,2154000,2054000,100000,1215114,201803.1,0.0937,10672.7,2848,0,false
202844,2164000,2064000,100000,1215114,202821.7,0.0937,10668.3,3192,0,false
203885,2174000,2074000,100000,1215114,203874.6,0.0938,10662.9,3528,0,false
204957,2184000,2084000,100000,1215114,204933.7,0.0938,10655.9,3872,0,false
205960,2194000,2094000,100000,1215114,205943.5,0.0939,10652.6,2187,0,false
207047,2206000,2106000,100000,1215114,207030.2,0.0938,10654.6,2595,0,false
208238,2218000,2118000,100000,1215114,208221.5,0.0939,10651.3,3003,0,false
209271,2228000,2128000,100000,1215114,209246.7,0.0939,10646.5,3347,0,false
210341,2238000,2138000,100000,1215114,210316.7,0.094,10639.9,3683,0,false
211468,2248000,2148000,100000,1215114,211446.1,0.0941,10630.4,2128,0,false
212537,2262000,2162000,100000,1215114,212522.7,0.094,10642.9,2600,0,false
213593,2274000,2174000,100000,1215114,213572.1,0.0939,10646.4,3008,0,false
214722,2286000,2186000,100000,1215114,214710.1,0.0939,10646.3,3416,0,false
215918,2298000,2198000,100000,1215114,215896.0,0.0939,10642.9,3824,0,false
216937,2308000,2208000,100000,1215114,216922.9,0.094,10639.0,2351,0,false
218006,2320000,2220000,100000,1215114,217989.4,0.094,10641.9,2759,0,false
219121,2332000,2232000,100000,1215114,219105.5,0.094,10642.5,3167,0,false
220141,2342000,2242000,100000,1215114,220116.2,0.094,10638.6,3511,0,false
221161,2352000,2252000,100000,1215114,221135.4,0.094,10634.8,3847,0,false
222183,2362000,2262000,100000,1215114,222170.7,0.0941,10630.9,2511,0,false
223203,2374000,2274000,100000,1215114,223189.2,0.094,10636.1,2919,0,false
224292,2386000,2286000,100000,1215114,224266.5,0.094,10637.9,3327,0,false
225470,2398000,2298000,100000,1215114,225449.0,0.094,10635.6,3735,0,false
226479,2408000,2308000,100000,1215114,226463.2,0.094,10632.3,4071,0,false
227557,2420000,2320000,100000,1215114,227533.6,0.094,10634.7,2923,0,false
228673,2432000,2332000,100000,1215114,228648.6,0.094,10635.3,3331,0,false
229774,2444000,2344000,100000,1215114,229753.8,0.094,10636.5,3739,0,false
230810,2454000,2354000,100000,1215114,230784.1,0.094,10632.1,4083,0,false
231941,2466000,2366000,100000,1215114,231924.3,0.094,10632.0,3069,0,false
233098,2478000,2378000,100000,1215114,233076.5,0.0941,10630.7,3477,0,false
234279,2490000,2390000,100000,1215114,234256.0,0.0941,10628.4,3885,0,false
235352,2500000,2400000,100000,1215114,235325.8,0.0941,10622.4,2916,0,false
236478,2512000,2412000,100000,1215114,236466.0,0.0941,10622.6,3324,0,false
237673,2524000,2424000,100000,1215114,237646.9,0.0942,10619.6,3732,0,false
238869,2536000,2436000,100000,1215114,238853.6,0.0942,10616.7,4140,0,false
239877,2546000,2446000,100000,1215114,239854.6,0.0942,10613.8,3289,0,false
240962,2558000,2458000,100000,1215114,240948.4,0.0942,10615.8,3697,0,false
242127,2570000,2470000,100000,1215114,242108.2,0.0942,10614.3,4105,0,false
243285,2582000,2482000,100000,1215114,243258.5,0.0942,10613.1,3436,0,false
244408,2594000,2494000,100000,1215114,244388.2,0.0942,10613.4,3844,0,false
245620,2606000,2506000,100000,1215114,245598.6,0.0942,10609.9,3257,0,false
246642,2618000,2518000,100000,1215114,246621.6,0.0942,10614.6,3665,0,false
247696,2630000,2530000,100000,1215114,247667.9,0.0942,10617.9,4073,0,false
248861,2642000,2542000,100000,1215114,248848.3,0.0942,10616.4,3577,0,false
249978,2654000,2554000,100000,1215114,249952.5,0.0942,10616.9,3993,0,false
251143,2666000,2566000,100000,1215114,251117.1,0.0942,10615.5,3566,0,false
252228,2678000,2578000,100000,1215114,252207.8,0.0942,10617.4,3974,0,false
253312,2690000,2590000,100000,1215114,253289.7,0.0942,10619.3,3621,0,false
254366,2702000,2602000,100000,1215114,254342.1,0.0941,10622.5,4029,0,false
255497,2714000,2614000,100000,1215114,255470.3,0.0941,10622.4,3750,0,false
256636,2726000,2626000,100000,1215114,256608.9,0.0941,10622.0,4158,0,false
257794,2738000,2638000,100000,1215114,257773.7,0.0941,10620.9,3919,0,false
258960,2750000,2650000,100000,1215114,258940.7,0.0942,10619.4,3738,0,false
260029,2762000,2662000,100000,1215114,260008.5,0.0941,10621.9,4146,0,false
261099,2774000,2674000,100000,1215114,261071.7,0.0941,10624.3,4022,0,false
262200,2786000,2686000,100000,1215114,262172.8,0.0941,10625.5,3942,0,false
263302,2798000,2698000,100000,1215114,263274.0,0.0941,10626.6,3902,0,false
264318,2810000,2710000,100000,1215114,264300.4,0.0941,10631.1,4310,0,false
265434,2822000,2722000,100000,1215114,265405.9,0.094,10631.6,4315,0,false
266556,2834000,2734000,100000,1215114,266534.4,0.094,10631.9,4337,0,false
267705,2846000,2746000,100000,1215114,267675.5,0.0941,10631.1,4081,0,false
268800,2858000,2758000,100000,1215114,268784.1,0.094,10632.4,4202,0,false
269932,2870000,2770000,100000,1215114,269910.7,0.094,10632.3,4353,0,false
271062,2882000,2782000,100000,1215114,271045.3,0.094,10632.3,4299,0,false
272162,2894000,2794000,100000,1215114,272137.3,0.094,10633.4,4319,0,false
273312,2906000,2806000,100000,1215114,273283.8,0.094,10632.5,4357,0,false
274445,2918000,2818000,100000,1215114,274421.4,0.094,10632.4,4390,0,false
275578,2930000,2830000,100000,1215114,275564.0,0.094,10632.2,4423,0,false
276713,2942000,2842000,100000,1215114,276684.6,0.094,10632.0,4456,0,false
277846,2954000,2854000,100000,1215114,277821.1,0.094,10631.8,4491,0,false
279003,2966000,2866000,100000,1215114,278973.8,0.0941,10630.7,4525,0,false
280172,2978000,2878000,100000,1215114,280157.0,0.0941,10629.2,1551,0,false
281353,2990000,2890000,100000,1215114,281324.3,0.0941,10627.2,785,0,false
282313,3000000,2900000,100000,1215114,282291.8,0.0941,10626.5,1125,0,false
